,surveyyear,age_dv,marstat2,religion_dv,RespSex,wimd_2014_quintile,workstat2,Q6_1
0,1,,1.0,1.0,2,,,
1,1,,1.0,1.0,2,,,
2,1,,1.0,1.0,2,,,
3,1,,1.0,1.0,1,,,
4,1,,1.0,1.0,2,,,
5,1,,1.0,3.0,1,,,
6,1,,2.0,1.0,2,,,
7,1,,1.0,1.0,2,,,
8,1,,2.0,1.0,2,,,
9,1,,2.0,1.0,1,,,
10,1,,1.0,1.0,2,,,
11,1,,1.0,3.0,2,,,
12,1,,2.0,1.0,2,,,
13,1,,2.0,1.0,2,,,
14,1,,2.0,1.0,2,,,
15,1,,1.0,1.0,2,,,
16,1,,1.0,1.0,2,,,
17,1,,1.0,3.0,1,,,
18,1,,1.0,1.0,1,,,
19,1,,1.0,1.0,1,,,
20,1,,1.0,3.0,1,,,
21,1,,2.0,1.0,1,,,
22,1,,2.0,1.0,2,,,
23,1,,2.0,1.0,1,,,
24,1,,2.0,1.0,1,,,
25,1,,2.0,1.0,1,,,
26,1,,1.0,1.0,1,,,
27,1,,1.0,1.0,2,,,
28,1,,2.0,1.0,2,,,
29,1,,2.0,1.0,2,,,
30,1,,1.0,3.0,2,,,
31,1,,1.0,1.0,2,,,
32,1,,1.0,3.0,2,,,
33,1,,2.0,1.0,1,,,
34,1,,1.0,3.0,1,,,
35,1,,1.0,2.0,2,,,
36,1,,2.0,1.0,1,,,
37,1,,2.0,1.0,2,,,
38,1,,2.0,1.0,1,,,
39,1,,2.0,1.0,1,,,
40,1,,1.0,1.0,1,,,
41,1,,1.0,3.0,1,,,
42,1,,1.0,1.0,2,,,
43,1,,2.0,1.0,2,,,
44,1,,1.0,1.0,2,,,
45,1,,1.0,1.0,1,,,
46,1,,1.0,1.0,2,,,
47,1,,2.0,1.0,2,,,
48,1,,2.0,1.0,1,,,
49,1,,2.0,1.0,2,,,
50,1,,1.0,1.0,2,,,
51,1,,2.0,1.0,2,,,
52,1,,2.0,3.0,2,,,
53,1,,1.0,1.0,2,,,
54,1,,2.0,1.0,2,,,
55,1,,1.0,1.0,1,,,
56,1,,2.0,1.0,2,,,
57,1,,2.0,1.0,2,,,
58,1,,2.0,1.0,1,,,
59,1,,2.0,1.0,2,,,
60,1,,2.0,1.0,2,,,
61,1,,1.0,3.0,2,,,
62,1,,2.0,3.0,2,,,
63,1,,1.0,1.0,2,,,
64,1,,2.0,3.0,2,,,
65,1,,1.0,3.0,1,,,
66,1,,1.0,3.0,2,,,
67,1,,2.0,1.0,2,,,
68,1,,2.0,3.0,2,,,
69,1,,1.0,3.0,2,,,
70,1,,1.0,1.0,1,,,
71,1,,2.0,1.0,1,,,
72,1,,1.0,1.0,2,,,
73,1,,1.0,3.0,1,,,
74,1,,2.0,1.0,1,,,
75,1,,2.0,1.0,2,,,
76,1,,1.0,1.0,2,,,
77,1,,2.0,3.0,2,,,
78,1,,2.0,3.0,2,,,
79,1,,1.0,1.0,2,,,
80,1,,1.0,1.0,2,,,
81,1,,2.0,3.0,2,,,
82,1,,1.0,1.0,1,,,
83,1,,1.0,1.0,1,,,
84,1,,2.0,3.0,1,,,
85,1,,2.0,1.0,1,,,
86,1,,2.0,1.0,2,,,
87,1,,1.0,1.0,2,,,
88,1,,1.0,1.0,2,,,
89,1,,1.0,1.0,2,,,
90,1,,1.0,1.0,1,,,
91,1,,1.0,1.0,2,,,
92,1,,1.0,3.0,2,,,
93,1,,2.0,1.0,1,,,
94,1,,2.0,1.0,2,,,
95,1,,2.0,1.0,1,,,
96,1,,2.0,3.0,1,,,
97,1,,1.0,1.0,2,,,
98,1,,1.0,3.0,2,,,
99,1,,2.0,1.0,2,,,
100,1,,2.0,1.0,2,,,
101,1,,1.0,1.0,2,,,
102,1,,1.0,1.0,1,,,
103,1,,1.0,3.0,1,,,
104,1,,1.0,3.0,2,,,
105,1,,1.0,3.0,1,,,
106,1,,2.0,1.0,2,,,
107,1,,2.0,1.0,1,,,
108,1,,1.0,3.0,2,,,
109,1,,1.0,1.0,2,,,
110,1,,2.0,3.0,1,,,
111,1,,1.0,1.0,2,,,
112,1,,2.0,1.0,1,,,
113,1,,2.0,1.0,2,,,
114,1,,2.0,1.0,1,,,
115,1,,1.0,1.0,1,,,
116,1,,1.0,1.0,2,,,
117,1,,2.0,3.0,2,,,
118,1,,2.0,3.0,2,,,
119,1,,1.0,1.0,1,,,
120,1,,2.0,1.0,1,,,
121,2,,1.0,1.0,2,,,
122,2,,2.0,1.0,2,,,
123,2,,1.0,1.0,2,,,
124,2,,1.0,1.0,2,,,
125,2,,2.0,1.0,2,,,
126,2,,1.0,3.0,1,,,
127,2,,2.0,3.0,2,,,
128,2,,2.0,3.0,1,,,
129,2,,2.0,1.0,1,,,
130,2,,1.0,1.0,1,,,
131,2,,1.0,1.0,2,,,
132,2,,2.0,,2,,,
133,2,,2.0,3.0,2,,,
134,2,,1.0,3.0,1,,,
135,2,,1.0,1.0,2,,,
136,2,,1.0,1.0,1,,,
137,2,,2.0,3.0,2,,,
138,2,,2.0,3.0,1,,,
139,2,,2.0,1.0,2,,,
140,2,,1.0,1.0,2,,,
141,2,,2.0,1.0,1,,,
142,2,,1.0,1.0,1,,,
143,2,,1.0,3.0,1,,,
144,2,,2.0,3.0,2,,,
145,2,,1.0,3.0,2,,,
146,2,,2.0,1.0,2,,,
147,2,,2.0,1.0,1,,,
148,2,,2.0,1.0,1,,,
149,2,,2.0,3.0,2,,,
150,2,,2.0,3.0,2,,,
151,2,,2.0,2.0,2,,,
152,2,,1.0,3.0,2,,,
153,2,,1.0,3.0,2,,,
154,2,,1.0,3.0,2,,,
155,2,,1.0,1.0,1,,,
156,2,,2.0,1.0,2,,,
157,2,,2.0,1.0,2,,,
158,2,,2.0,1.0,2,,,
159,2,,1.0,3.0,1,,,
160,2,,1.0,1.0,2,,,
161,2,,2.0,1.0,2,,,
162,2,,1.0,1.0,2,,,
163,2,,2.0,1.0,1,,,
164,2,,2.0,1.0,2,,,
165,2,,1.0,1.0,1,,,
166,2,,1.0,3.0,1,,,
167,2,,2.0,3.0,2,,,
168,2,,2.0,3.0,2,,,
169,2,,1.0,1.0,1,,,
170,2,,1.0,3.0,2,,,
171,2,,1.0,1.0,2,,,
172,2,,2.0,1.0,1,,,
173,2,,1.0,1.0,2,,,
174,2,,1.0,1.0,2,,,
175,2,,1.0,1.0,2,,,
176,2,,2.0,1.0,2,,,
177,2,,2.0,1.0,2,,,
178,2,,2.0,3.0,2,,,
179,2,,1.0,1.0,1,,,
180,2,,2.0,1.0,2,,,
181,2,,1.0,1.0,2,,,
182,2,,2.0,3.0,1,,,
183,2,,2.0,3.0,1,,,
184,2,,1.0,1.0,2,,,
185,2,,2.0,3.0,2,,,
186,2,,2.0,1.0,2,,,
187,2,,1.0,1.0,1,,,
188,2,,1.0,1.0,2,,,
189,2,,2.0,1.0,2,,,
190,2,,1.0,3.0,2,,,
191,2,,2.0,1.0,1,,,
192,2,,1.0,1.0,1,,,
193,2,,1.0,1.0,1,,,
194,2,,1.0,1.0,1,,,
195,2,,1.0,1.0,1,,,
196,2,,2.0,1.0,2,,,
197,2,,1.0,1.0,1,,,
198,2,,2.0,1.0,1,,,
199,2,,2.0,3.0,1,,,
200,2,,2.0,1.0,2,,,
201,2,,2.0,1.0,2,,,
202,2,,1.0,1.0,1,,,
203,2,,2.0,1.0,1,,,
204,2,,1.0,3.0,1,,,
205,2,,2.0,1.0,2,,,
206,2,,1.0,3.0,2,,,
207,2,,2.0,1.0,2,,,
208,2,,2.0,1.0,1,,,
209,2,,1.0,1.0,2,,,
210,2,,2.0,3.0,2,,,
211,2,,1.0,3.0,2,,,
212,2,,2.0,1.0,2,,,
213,2,,1.0,2.0,1,,,
214,2,,2.0,1.0,1,,,
215,2,,2.0,1.0,2,,,
216,2,,2.0,1.0,2,,,
217,2,,1.0,1.0,2,,,
218,2,,1.0,1.0,1,,,
219,2,,2.0,1.0,2,,,
220,2,,2.0,1.0,2,,,
221,2,,2.0,3.0,1,,,
222,2,,2.0,1.0,1,,,
223,2,,1.0,1.0,2,,,
224,2,,2.0,1.0,2,,,
225,3,,2.0,3.0,1,,,
226,3,,1.0,3.0,2,,,
227,3,,2.0,1.0,2,,,
228,3,,2.0,3.0,2,,,
229,3,,1.0,3.0,1,,,
230,3,,2.0,3.0,1,,,
231,3,,1.0,1.0,2,,,
232,3,,2.0,1.0,2,,,
233,3,,2.0,3.0,2,,,
234,3,,2.0,3.0,1,,,
235,3,,1.0,1.0,2,,,
236,3,,1.0,3.0,2,,,
237,3,,2.0,1.0,2,,,
238,3,,2.0,1.0,1,,,
239,3,,2.0,3.0,2,,,
240,3,,1.0,1.0,2,,,
241,3,,1.0,1.0,1,,,
242,3,,2.0,3.0,2,,,
243,3,,2.0,3.0,1,,,
244,3,,1.0,1.0,1,,,
245,3,,2.0,1.0,2,,,
246,3,,2.0,1.0,2,,,
247,3,,1.0,1.0,2,,,
248,3,,2.0,1.0,2,,,
249,3,,2.0,3.0,1,,,
250,3,,2.0,3.0,1,,,
251,3,,1.0,3.0,2,,,
252,3,,2.0,1.0,1,,,
253,3,,1.0,3.0,1,,,
254,3,,2.0,1.0,2,,,
255,3,,1.0,1.0,1,,,
256,3,,1.0,1.0,1,,,
257,3,,1.0,3.0,1,,,
258,3,,2.0,1.0,2,,,
259,3,,2.0,3.0,2,,,
260,3,,2.0,3.0,1,,,
261,3,,2.0,1.0,1,,,
262,3,,2.0,3.0,2,,,
263,3,,1.0,3.0,2,,,
264,3,,1.0,1.0,2,,,
265,3,,1.0,1.0,1,,,
266,3,,2.0,3.0,1,,,
267,3,,1.0,3.0,2,,,
268,3,,1.0,1.0,2,,,
269,3,,1.0,1.0,2,,,
270,3,,1.0,1.0,1,,,
271,3,,2.0,1.0,1,,,
272,3,,1.0,3.0,2,,,
273,3,,2.0,1.0,2,,,
274,3,,2.0,1.0,1,,,
275,3,,2.0,3.0,1,,,
276,3,,1.0,1.0,2,,,
277,3,,1.0,1.0,2,,,
278,3,,2.0,3.0,1,,,
279,3,,2.0,1.0,2,,,
280,3,,1.0,3.0,2,,,
281,3,,1.0,1.0,1,,,
282,3,,2.0,3.0,2,,,
283,3,,2.0,3.0,2,,,
284,3,,2.0,1.0,2,,,
285,3,,1.0,1.0,1,,,
286,3,,1.0,3.0,2,,,
287,3,,1.0,1.0,1,,,
288,3,,1.0,3.0,2,,,
289,3,,2.0,1.0,2,,,
290,3,,1.0,1.0,2,,,
291,3,,2.0,1.0,1,,,
292,3,,2.0,3.0,2,,,
293,3,,2.0,1.0,1,,,
294,3,,2.0,1.0,2,,,
295,3,,2.0,3.0,2,,,
296,3,,2.0,3.0,2,,,
297,3,,2.0,3.0,1,,,
298,3,,1.0,3.0,2,,,
299,3,,1.0,1.0,1,,,
300,3,,1.0,1.0,2,,,
301,3,,2.0,3.0,1,,,
302,3,,2.0,1.0,2,,,
303,3,,1.0,1.0,2,,,
304,3,,2.0,1.0,2,,,
305,3,,2.0,1.0,1,,,
306,3,,2.0,1.0,2,,,
307,3,,2.0,3.0,1,,,
308,3,,2.0,2.0,2,,,
309,3,,1.0,3.0,2,,,
310,3,,2.0,1.0,2,,,
311,3,,1.0,1.0,2,,,
312,3,,2.0,1.0,2,,,
313,3,,1.0,3.0,1,,,
314,3,,1.0,3.0,1,,,
315,3,,1.0,1.0,1,,,
316,3,,2.0,1.0,2,,,
317,3,,2.0,1.0,2,,,
318,3,,1.0,3.0,2,,,
319,3,,2.0,1.0,2,,,
320,3,,1.0,3.0,2,,,
321,3,,1.0,1.0,2,,,
322,3,,2.0,3.0,2,,,
323,3,,1.0,3.0,1,,,
324,3,,1.0,1.0,1,,,
325,3,,2.0,1.0,2,,,
326,3,,2.0,1.0,2,,,
327,3,,1.0,3.0,2,,,
328,3,,2.0,1.0,1,,,
329,3,,1.0,1.0,2,,,
330,3,,1.0,1.0,2,,,
331,3,,2.0,3.0,1,,,
332,3,,1.0,3.0,1,,,
333,3,,2.0,1.0,1,,,
334,3,,2.0,3.0,2,,,
335,3,,1.0,1.0,2,,,
336,3,,1.0,3.0,2,,,
337,3,,2.0,3.0,2,,,
338,3,,2.0,3.0,1,,,
339,3,,2.0,3.0,1,,,
340,3,,2.0,3.0,1,,,
341,3,,2.0,3.0,2,,,
342,3,,1.0,1.0,2,,,
343,3,,1.0,1.0,2,,,
344,3,,1.0,2.0,1,,,
345,3,,1.0,1.0,1,,,
346,3,,2.0,2.0,1,,,
347,3,,2.0,1.0,2,,,
348,3,,2.0,3.0,1,,,
349,3,,2.0,3.0,2,,,
350,3,,2.0,1.0,2,,,
351,3,,1.0,3.0,1,,,
352,3,,2.0,1.0,2,,,
353,3,,2.0,1.0,2,,,
354,3,,2.0,3.0,2,,,
355,3,,2.0,1.0,2,,,
356,3,,1.0,1.0,1,,,
357,3,,2.0,1.0,2,,,
358,3,,1.0,1.0,2,,,
359,3,,2.0,3.0,2,,,
360,3,,2.0,1.0,2,,,
361,3,,1.0,1.0,1,,,
362,3,,2.0,1.0,2,,,
363,3,,1.0,3.0,1,,,
364,3,,2.0,1.0,2,,,
365,3,,2.0,1.0,2,,,
366,3,,2.0,3.0,2,,,
367,3,,1.0,1.0,1,,,
368,3,,1.0,3.0,2,,,
369,3,,1.0,1.0,2,,,
370,3,,2.0,1.0,1,,,
371,3,,2.0,1.0,2,,,
372,3,,2.0,3.0,2,,,
373,3,,1.0,1.0,2,,,
374,3,,1.0,3.0,2,,,
375,3,,2.0,3.0,2,,,
376,3,,1.0,3.0,2,,,
377,3,,2.0,1.0,2,,,
378,3,,2.0,1.0,2,,,
379,3,,2.0,1.0,2,,,
380,3,,1.0,3.0,1,,,
381,3,,2.0,1.0,2,,,
382,3,,2.0,3.0,1,,,
383,3,,2.0,1.0,2,,,
384,3,,2.0,3.0,2,,,
385,3,,2.0,3.0,2,,,
386,3,,2.0,3.0,2,,,
387,3,,1.0,1.0,1,,,
388,3,,2.0,3.0,2,,,
389,3,,1.0,3.0,2,,,
390,3,,1.0,3.0,2,,,
391,3,,2.0,1.0,2,,,
392,3,,2.0,1.0,1,,,
393,3,,1.0,1.0,2,,,
394,3,,2.0,1.0,1,,,
395,3,,1.0,1.0,1,,,
396,3,,1.0,3.0,1,,,
397,3,,2.0,3.0,2,,,
398,3,,2.0,3.0,1,,,
399,3,,1.0,3.0,2,,,
400,3,,2.0,1.0,1,,,
401,3,,1.0,1.0,1,,,
402,3,,2.0,1.0,2,,,
403,3,,1.0,3.0,2,,,
404,3,,1.0,1.0,2,,,
405,3,,1.0,1.0,2,,,
406,3,,2.0,3.0,1,,,
407,3,,1.0,1.0,2,,,
408,3,,1.0,1.0,2,,,
409,3,,1.0,1.0,1,,,
410,3,,2.0,1.0,2,,,
411,3,,2.0,3.0,1,,,
412,3,,2.0,1.0,2,,,
413,3,,2.0,3.0,2,,,
414,3,,1.0,1.0,1,,,
415,3,,1.0,1.0,1,,,
416,3,,1.0,3.0,2,,,
417,3,,1.0,1.0,2,,,
418,3,,1.0,3.0,2,,,
419,3,,1.0,1.0,2,,,
420,3,,2.0,1.0,2,,,
421,3,,1.0,1.0,1,,,
422,3,,2.0,1.0,2,,,
423,3,,1.0,1.0,2,,,
424,3,,2.0,3.0,1,,,
425,3,,1.0,1.0,2,,,
426,3,,2.0,1.0,1,,,
427,3,,2.0,3.0,2,,,
428,3,,1.0,2.0,2,,,
429,3,,1.0,1.0,1,,,
430,3,,1.0,1.0,2,,,
431,3,,2.0,3.0,1,,,
432,3,,2.0,3.0,1,,,
433,3,,1.0,3.0,1,,,
434,3,,1.0,1.0,2,,,
435,3,,2.0,1.0,2,,,
436,3,,2.0,3.0,1,,,
437,3,,2.0,3.0,2,,,
438,3,,2.0,3.0,1,,,
439,3,,1.0,3.0,1,,,
440,3,,1.0,3.0,1,,,
441,3,,1.0,3.0,2,,,
442,3,,2.0,3.0,1,,,
443,3,,1.0,2.0,1,,,
444,3,,2.0,1.0,1,,,
445,3,,1.0,3.0,1,,,
446,3,,2.0,1.0,2,,,
447,3,,1.0,1.0,1,,,
448,3,,2.0,3.0,2,,,
449,3,,2.0,1.0,2,,,
450,3,,1.0,1.0,2,,,
451,3,,1.0,1.0,2,,,
452,3,,1.0,1.0,2,,,
453,3,,1.0,2.0,1,,,
454,3,,1.0,1.0,2,,,
455,3,,1.0,1.0,2,,,
456,3,,1.0,1.0,1,,,
457,3,,2.0,1.0,2,,,
458,3,,2.0,1.0,2,,,
459,3,,2.0,3.0,2,,,
460,3,,1.0,3.0,2,,,
461,3,,2.0,1.0,2,,,
462,3,,1.0,1.0,1,,,
463,3,,2.0,2.0,1,,,
464,3,,1.0,1.0,1,,,
465,3,,1.0,1.0,1,,,
466,3,,2.0,1.0,2,,,
467,3,,1.0,1.0,2,,,
468,3,,2.0,2.0,1,,,
469,3,,2.0,3.0,2,,,
470,3,,1.0,1.0,2,,,
471,3,,2.0,3.0,1,,,
472,3,,1.0,1.0,2,,,
473,3,,,3.0,2,,,
474,3,,2.0,3.0,1,,,
475,3,,1.0,1.0,2,,,
476,3,,1.0,3.0,2,,,
477,3,,2.0,3.0,2,,,
478,3,,2.0,3.0,1,,,
479,3,,2.0,1.0,2,,,
480,3,,2.0,1.0,2,,,
481,3,,2.0,3.0,2,,,
482,3,,1.0,1.0,2,,,
483,3,,2.0,3.0,1,,,
484,3,,1.0,1.0,1,,,
485,3,,1.0,3.0,1,,,
486,3,,2.0,1.0,2,,,
487,3,,2.0,1.0,2,,,
488,3,,1.0,1.0,1,,,
489,3,,1.0,1.0,2,,,
490,3,,2.0,1.0,2,,,
491,3,,2.0,3.0,2,,,
492,3,,2.0,3.0,1,,,
493,3,,1.0,2.0,1,,,
494,3,,1.0,1.0,2,,,
495,3,,2.0,3.0,2,,,
496,3,,1.0,1.0,1,,,
497,3,,2.0,1.0,2,,,
498,3,,2.0,1.0,1,,,
499,3,,1.0,1.0,1,,,
500,3,,2.0,3.0,1,,,
501,3,,2.0,3.0,2,,,
502,3,,2.0,3.0,2,,,
503,3,,1.0,1.0,2,,,
504,3,,2.0,3.0,1,,,
505,3,,2.0,3.0,2,,,
506,3,,2.0,1.0,1,,,
507,3,,2.0,3.0,2,,,
508,3,,2.0,1.0,2,,,
509,3,,2.0,1.0,2,,,
510,3,,1.0,1.0,2,,,
511,3,,1.0,3.0,2,,,
512,3,,2.0,3.0,2,,,
513,3,,1.0,1.0,2,,,
514,3,,2.0,1.0,1,,,
515,3,,2.0,1.0,1,,,
516,3,,1.0,1.0,1,,,
517,3,,2.0,1.0,2,,,
518,3,,1.0,1.0,2,,,
519,3,,2.0,1.0,2,,,
520,3,,2.0,1.0,2,,,
521,3,,1.0,1.0,2,,,
522,3,,2.0,1.0,2,,,
523,3,,2.0,1.0,1,,,
524,3,,1.0,1.0,2,,,
525,3,,2.0,1.0,2,,,
526,3,,2.0,3.0,1,,,
527,3,,2.0,3.0,2,,,
528,3,,1.0,1.0,1,,,
529,3,,1.0,3.0,1,,,
530,3,,2.0,3.0,1,,,
531,3,,2.0,3.0,1,,,
532,3,,1.0,2.0,2,,,
533,3,,2.0,1.0,1,,,
534,3,,2.0,3.0,2,,,
535,3,,1.0,1.0,1,,,
536,3,,2.0,3.0,2,,,
537,3,,2.0,3.0,2,,,
538,3,,1.0,3.0,2,,,
539,3,,2.0,3.0,1,,,
540,3,,2.0,1.0,2,,,
541,3,,2.0,3.0,1,,,
542,3,,2.0,1.0,1,,,
543,3,,2.0,1.0,2,,,
544,3,,2.0,1.0,1,,,
545,3,,2.0,1.0,2,,,
546,3,,2.0,3.0,2,,,
547,3,,2.0,3.0,2,,,
548,3,,1.0,1.0,2,,,
549,3,,1.0,1.0,1,,,
550,3,,1.0,1.0,1,,,
551,3,,1.0,1.0,1,,,
552,3,,1.0,1.0,2,,,
553,3,,2.0,1.0,2,,,
554,3,,1.0,1.0,1,,,
555,3,,2.0,3.0,1,,,
556,3,,2.0,1.0,2,,,
557,3,,2.0,1.0,2,,,
558,3,,2.0,1.0,1,,,
559,3,,1.0,3.0,2,,,
560,3,,2.0,1.0,2,,,
561,3,,1.0,1.0,2,,,
562,3,,2.0,3.0,2,,,
563,3,,2.0,1.0,2,,,
564,3,,2.0,1.0,2,,,
565,3,,2.0,1.0,2,,,
566,3,,2.0,3.0,2,,,
567,3,,2.0,1.0,1,,,
568,3,,2.0,3.0,1,,,
569,3,,1.0,1.0,1,,,
570,3,,1.0,1.0,2,,,
571,3,,2.0,3.0,1,,,
572,3,,1.0,3.0,1,,,
573,3,,1.0,3.0,2,,,
574,3,,1.0,1.0,2,,,
575,3,,1.0,3.0,2,,,
576,3,,2.0,1.0,1,,,
577,3,,1.0,1.0,1,,,
578,3,,1.0,1.0,2,,,
579,3,,2.0,3.0,1,,,
580,3,,1.0,3.0,2,,,
581,3,,1.0,3.0,2,,,
582,3,,2.0,3.0,1,,,
583,3,,2.0,3.0,2,,,
584,3,,1.0,1.0,2,,,
585,3,,2.0,3.0,1,,,
586,3,,1.0,1.0,1,,,
587,3,,2.0,1.0,2,,,
588,3,,1.0,1.0,1,,,
589,3,,1.0,3.0,1,,,
590,3,,1.0,2.0,2,,,
591,3,,2.0,1.0,1,,,
592,3,,2.0,3.0,2,,,
593,3,,1.0,3.0,1,,,
594,3,,2.0,1.0,2,,,
595,3,,2.0,3.0,1,,,
596,3,,2.0,3.0,2,,,
597,3,,2.0,1.0,2,,,
598,3,,2.0,3.0,1,,,
599,3,,1.0,1.0,2,,,
600,3,,1.0,1.0,1,,,
601,3,,1.0,3.0,2,,,
602,3,,1.0,1.0,1,,,
603,3,,2.0,1.0,2,,,
604,3,,1.0,1.0,1,,,
605,3,,1.0,1.0,1,,,
606,3,,2.0,3.0,2,,,
607,3,,1.0,1.0,1,,,
608,3,,1.0,1.0,1,,,
609,3,,2.0,1.0,2,,,
610,3,,2.0,1.0,1,,,
611,3,,2.0,1.0,1,,,
612,3,,1.0,3.0,1,,,
613,3,,1.0,3.0,2,,,
614,3,,1.0,1.0,1,,,
615,3,,2.0,1.0,1,,,
616,3,,2.0,1.0,2,,,
617,3,,2.0,,1,,,
618,3,,2.0,3.0,1,,,
619,3,,1.0,3.0,1,,,
620,3,,1.0,3.0,1,,,
621,3,,2.0,3.0,2,,,
622,3,,2.0,3.0,1,,,
623,3,,2.0,1.0,1,,,
624,3,,2.0,1.0,2,,,
625,3,,2.0,1.0,2,,,
626,3,,2.0,1.0,2,,,
627,3,,1.0,1.0,2,,,
628,3,,1.0,1.0,1,,,
629,3,,1.0,1.0,2,,,
630,3,,1.0,3.0,1,,,
631,3,,2.0,1.0,2,,,
632,3,,2.0,1.0,1,,,
633,3,,2.0,1.0,2,,,
634,3,,1.0,2.0,1,,,
635,3,,2.0,3.0,2,,,
636,3,,2.0,3.0,2,,,
637,3,,1.0,1.0,2,,,
638,3,,1.0,1.0,2,,,
639,3,,2.0,3.0,2,,,
640,3,,1.0,3.0,1,,,
641,3,,2.0,1.0,2,,,
642,3,,1.0,3.0,1,,,
643,3,,2.0,1.0,1,,,
644,3,,1.0,1.0,2,,,
645,3,,1.0,1.0,2,,,
646,3,,2.0,3.0,2,,,
647,3,,1.0,1.0,2,,,
648,3,,2.0,3.0,2,,,
649,3,,1.0,1.0,2,,,
650,3,,2.0,3.0,1,,,
651,3,,2.0,1.0,2,,,
652,3,,2.0,1.0,2,,,
653,3,,2.0,1.0,2,,,
654,3,,2.0,1.0,1,,,
655,3,,1.0,1.0,1,,,
656,3,,1.0,3.0,1,,,
657,3,,2.0,3.0,2,,,
658,3,,1.0,1.0,2,,,
659,3,,2.0,1.0,2,,,
660,3,,2.0,3.0,1,,,
661,3,,1.0,2.0,1,,,
662,3,,1.0,1.0,2,,,
663,3,,1.0,1.0,1,,,
664,3,,2.0,3.0,2,,,
665,3,,2.0,3.0,2,,,
666,3,,2.0,1.0,2,,,
667,3,,2.0,1.0,1,,,
668,3,,1.0,1.0,1,,,
669,3,,1.0,1.0,1,,,
670,3,,2.0,1.0,2,,,
671,3,,2.0,1.0,2,,,
672,3,,1.0,1.0,2,,,
673,3,,1.0,1.0,1,,,
674,3,,1.0,1.0,2,,,
675,3,,1.0,3.0,1,,,
676,3,,2.0,1.0,1,,,
677,3,,2.0,1.0,2,,,
678,3,,2.0,1.0,2,,,
679,3,,2.0,1.0,2,,,
680,3,,1.0,1.0,1,,,
681,3,,1.0,3.0,2,,,
682,3,,1.0,1.0,2,,,
683,3,,2.0,1.0,2,,,
684,3,,2.0,1.0,2,,,
685,3,,1.0,3.0,2,,,
686,3,,1.0,3.0,2,,,
687,3,,1.0,1.0,1,,,
688,3,,1.0,1.0,2,,,
689,3,,2.0,3.0,2,,,
690,3,,1.0,1.0,1,,,
691,3,,2.0,1.0,2,,,
692,3,,2.0,3.0,2,,,
693,3,,2.0,3.0,2,,,
694,3,,2.0,1.0,2,,,
695,3,,2.0,1.0,1,,,
696,3,,2.0,1.0,1,,,
697,3,,1.0,1.0,2,,,
698,3,,1.0,1.0,2,,,
699,3,,1.0,1.0,2,,,
700,3,,2.0,1.0,2,,,
701,3,,1.0,1.0,1,,,
702,3,,1.0,1.0,2,,,
703,3,,1.0,1.0,1,,,
704,3,,1.0,1.0,1,,,
705,3,,1.0,,2,,,
706,3,,2.0,3.0,2,,,
707,3,,1.0,3.0,1,,,
708,3,,2.0,3.0,1,,,
709,3,,2.0,1.0,2,,,
710,3,,2.0,1.0,2,,,
711,3,,1.0,1.0,2,,,
712,3,,2.0,1.0,1,,,
713,3,,1.0,3.0,1,,,
714,3,,2.0,1.0,2,,,
715,3,,1.0,1.0,1,,,
716,3,,1.0,3.0,1,,,
717,3,,2.0,3.0,1,,,
718,3,,2.0,3.0,1,,,
719,3,,2.0,1.0,2,,,
720,3,,1.0,1.0,2,,,
721,3,,1.0,3.0,2,,,
722,3,,1.0,1.0,1,,,
723,3,,2.0,3.0,2,,,
724,3,,2.0,1.0,2,,,
725,3,,2.0,3.0,2,,,
726,3,,1.0,1.0,1,,,
727,3,,1.0,1.0,2,,,
728,4,7.0,1.0,1.0,1,3.0,,
729,4,5.0,1.0,1.0,1,4.0,,
730,4,4.0,2.0,1.0,1,4.0,,
731,4,2.0,1.0,1.0,1,5.0,,
732,4,2.0,1.0,3.0,2,3.0,,
733,4,5.0,1.0,3.0,1,3.0,,
734,4,7.0,1.0,3.0,2,4.0,,
735,4,3.0,2.0,3.0,1,4.0,,
736,4,6.0,2.0,1.0,2,5.0,,
737,4,5.0,1.0,1.0,2,4.0,,
738,4,3.0,1.0,1.0,2,2.0,,
739,4,6.0,2.0,1.0,2,1.0,,
740,4,5.0,1.0,2.0,1,1.0,,
741,4,1.0,2.0,1.0,2,4.0,,
742,4,3.0,1.0,1.0,2,4.0,,
743,4,6.0,2.0,3.0,1,3.0,,
744,4,6.0,1.0,1.0,1,1.0,,
745,4,7.0,2.0,1.0,2,2.0,,
746,4,6.0,1.0,1.0,2,3.0,,
747,4,5.0,2.0,1.0,2,1.0,,
748,4,2.0,1.0,1.0,2,3.0,,
749,4,7.0,2.0,3.0,1,1.0,,
750,4,5.0,1.0,1.0,2,2.0,,
751,4,4.0,1.0,1.0,2,4.0,,
752,4,5.0,1.0,3.0,1,5.0,,
753,4,6.0,1.0,1.0,2,4.0,,
754,4,7.0,2.0,1.0,1,2.0,,
755,4,4.0,2.0,1.0,2,2.0,,
756,4,2.0,2.0,3.0,1,2.0,,
757,4,4.0,1.0,3.0,2,4.0,,
758,4,1.0,2.0,3.0,1,3.0,,
759,4,6.0,1.0,1.0,1,5.0,,
760,4,3.0,1.0,2.0,2,3.0,,
761,4,5.0,2.0,1.0,2,5.0,,
762,4,3.0,1.0,3.0,2,3.0,,
763,4,6.0,2.0,1.0,2,4.0,,
764,4,3.0,1.0,1.0,1,4.0,,
765,4,4.0,1.0,1.0,2,3.0,,
766,4,4.0,1.0,3.0,1,2.0,,
767,4,3.0,1.0,1.0,2,3.0,,
768,4,5.0,1.0,1.0,1,3.0,,
769,4,4.0,1.0,1.0,2,4.0,,
770,4,6.0,2.0,3.0,1,4.0,,
771,4,4.0,1.0,1.0,2,4.0,,
772,4,1.0,1.0,3.0,1,5.0,,
773,4,1.0,2.0,1.0,2,3.0,,
774,4,7.0,2.0,1.0,2,5.0,,
775,4,2.0,1.0,3.0,2,4.0,,
776,4,6.0,2.0,2.0,2,1.0,,
777,4,5.0,2.0,3.0,1,4.0,,
778,4,5.0,2.0,1.0,2,2.0,,
779,4,2.0,2.0,1.0,2,3.0,,
780,4,7.0,2.0,1.0,2,3.0,,
781,4,6.0,1.0,1.0,2,4.0,,
782,4,2.0,1.0,3.0,1,5.0,,
783,4,6.0,1.0,2.0,2,4.0,,
784,4,2.0,2.0,1.0,1,4.0,,
785,4,4.0,2.0,3.0,1,2.0,,
786,4,4.0,1.0,3.0,2,4.0,,
787,4,4.0,2.0,3.0,2,1.0,,
788,4,5.0,2.0,3.0,2,2.0,,
789,4,7.0,2.0,1.0,2,4.0,,
790,4,3.0,2.0,3.0,2,3.0,,
791,4,6.0,1.0,1.0,2,4.0,,
792,4,2.0,1.0,3.0,1,2.0,,
793,4,1.0,2.0,3.0,1,2.0,,
794,4,2.0,1.0,3.0,2,3.0,,
795,4,4.0,1.0,1.0,2,5.0,,
796,4,5.0,1.0,3.0,1,4.0,,
797,4,2.0,1.0,3.0,1,5.0,,
798,4,3.0,1.0,3.0,2,4.0,,
799,4,5.0,2.0,1.0,1,4.0,,
800,4,3.0,1.0,1.0,1,4.0,,
801,4,6.0,2.0,1.0,2,2.0,,
802,4,4.0,1.0,3.0,2,4.0,,
803,4,4.0,2.0,3.0,2,4.0,,
804,4,3.0,2.0,3.0,2,1.0,,
805,4,5.0,1.0,1.0,1,3.0,,
806,4,3.0,1.0,3.0,1,4.0,,
807,4,2.0,1.0,1.0,2,3.0,,
808,4,3.0,1.0,3.0,1,2.0,,
809,4,6.0,2.0,3.0,2,3.0,,
810,4,6.0,2.0,3.0,2,2.0,,
811,4,5.0,1.0,1.0,2,4.0,,
812,4,2.0,1.0,3.0,2,4.0,,
813,4,4.0,2.0,3.0,1,4.0,,
814,4,3.0,1.0,1.0,1,3.0,,
815,4,4.0,,3.0,2,4.0,,
816,4,5.0,1.0,1.0,2,5.0,,
817,4,2.0,2.0,3.0,2,5.0,,
818,4,6.0,2.0,3.0,1,4.0,,
819,4,7.0,2.0,1.0,1,1.0,,
820,4,3.0,1.0,1.0,2,4.0,,
821,4,2.0,1.0,1.0,2,5.0,,
822,4,2.0,1.0,3.0,1,5.0,,
823,4,2.0,2.0,3.0,1,4.0,,
824,4,4.0,2.0,3.0,2,4.0,,
825,4,4.0,1.0,1.0,2,2.0,,
826,4,7.0,2.0,3.0,2,4.0,,
827,4,3.0,1.0,3.0,1,1.0,,
828,4,4.0,1.0,2.0,1,3.0,,
829,4,7.0,1.0,1.0,1,4.0,,
830,4,5.0,2.0,3.0,2,4.0,,
831,4,3.0,1.0,1.0,2,5.0,,
832,4,5.0,1.0,3.0,2,4.0,,
833,4,7.0,1.0,1.0,1,3.0,,
834,4,3.0,1.0,3.0,2,4.0,,
835,4,6.0,1.0,1.0,1,3.0,,
836,4,7.0,2.0,1.0,1,4.0,,
837,4,4.0,1.0,1.0,1,3.0,,
838,4,5.0,1.0,1.0,1,4.0,,
839,4,3.0,1.0,3.0,2,5.0,,
840,4,2.0,1.0,3.0,1,4.0,,
841,4,3.0,2.0,3.0,2,3.0,,
842,4,7.0,1.0,1.0,2,3.0,,
843,4,2.0,1.0,3.0,2,5.0,,
844,4,4.0,1.0,1.0,2,4.0,,
845,4,7.0,2.0,1.0,2,2.0,,
846,4,6.0,2.0,3.0,2,1.0,,
847,4,1.0,2.0,3.0,1,3.0,,
848,4,6.0,1.0,1.0,2,5.0,,
849,4,6.0,1.0,1.0,1,2.0,,
850,4,4.0,2.0,1.0,1,2.0,,
851,4,7.0,2.0,1.0,1,1.0,,
852,4,7.0,1.0,1.0,2,3.0,,
853,4,2.0,1.0,3.0,2,1.0,,
854,4,7.0,2.0,1.0,2,4.0,,
855,4,7.0,2.0,1.0,1,4.0,,
856,4,5.0,1.0,3.0,2,2.0,,
857,4,2.0,1.0,1.0,2,4.0,,
858,4,7.0,2.0,2.0,1,2.0,,
859,4,6.0,2.0,1.0,2,3.0,,
860,4,5.0,1.0,1.0,1,3.0,,
861,4,3.0,1.0,3.0,2,2.0,,
862,4,7.0,1.0,1.0,1,5.0,,
863,4,6.0,2.0,1.0,2,1.0,,
864,4,7.0,1.0,1.0,2,5.0,,
865,4,2.0,2.0,1.0,2,1.0,,
866,4,5.0,2.0,1.0,2,2.0,,
867,4,6.0,2.0,1.0,1,3.0,,
868,4,4.0,1.0,1.0,1,2.0,,
869,4,6.0,2.0,1.0,2,4.0,,
870,4,7.0,2.0,1.0,2,5.0,,
871,4,4.0,2.0,1.0,2,5.0,,
872,4,5.0,2.0,3.0,2,4.0,,
873,4,6.0,1.0,3.0,1,3.0,,
874,4,3.0,1.0,1.0,2,2.0,,
875,4,2.0,2.0,3.0,1,4.0,,
876,4,7.0,1.0,1.0,2,4.0,,
877,4,7.0,1.0,1.0,1,1.0,,
878,4,3.0,1.0,1.0,1,3.0,,
879,4,7.0,2.0,3.0,1,3.0,,
880,4,7.0,2.0,1.0,2,3.0,,
881,4,2.0,2.0,3.0,1,1.0,,
882,4,3.0,1.0,1.0,2,3.0,,
883,4,2.0,1.0,3.0,1,1.0,,
884,4,4.0,2.0,3.0,2,1.0,,
885,4,3.0,1.0,3.0,2,5.0,,
886,4,5.0,1.0,1.0,2,4.0,,
887,4,6.0,1.0,1.0,2,5.0,,
888,4,5.0,1.0,1.0,2,4.0,,
889,4,6.0,2.0,1.0,2,2.0,,
890,4,6.0,1.0,1.0,1,5.0,,
891,4,5.0,2.0,3.0,2,2.0,,
892,4,4.0,1.0,1.0,2,4.0,,
893,4,6.0,1.0,1.0,2,4.0,,
894,4,4.0,1.0,3.0,2,5.0,,
895,4,6.0,1.0,1.0,2,5.0,,
896,4,5.0,2.0,3.0,2,4.0,,
897,4,7.0,2.0,1.0,2,5.0,,
898,4,2.0,1.0,3.0,2,4.0,,
899,4,3.0,1.0,1.0,2,4.0,,
900,4,6.0,2.0,1.0,2,4.0,,
901,4,5.0,2.0,1.0,1,1.0,,
902,4,6.0,2.0,1.0,2,1.0,,
903,4,6.0,2.0,3.0,1,2.0,,
904,4,3.0,1.0,3.0,2,3.0,,
905,4,5.0,1.0,1.0,2,4.0,,
906,4,6.0,1.0,1.0,2,2.0,,
907,4,5.0,2.0,1.0,2,4.0,,
908,4,3.0,1.0,1.0,2,2.0,,
909,4,6.0,2.0,1.0,2,1.0,,
910,4,5.0,2.0,1.0,1,4.0,,
911,4,5.0,1.0,1.0,2,5.0,,
912,4,5.0,2.0,1.0,2,5.0,,
913,4,4.0,1.0,1.0,1,3.0,,
914,4,1.0,2.0,3.0,1,3.0,,
915,4,7.0,1.0,1.0,1,3.0,,
916,4,5.0,1.0,3.0,2,2.0,,
917,4,1.0,2.0,3.0,1,2.0,,
918,4,2.0,1.0,1.0,2,5.0,,
919,4,6.0,1.0,1.0,2,4.0,,
920,4,3.0,1.0,1.0,1,3.0,,
921,4,5.0,1.0,1.0,2,1.0,,
922,4,6.0,2.0,1.0,2,2.0,,
923,4,4.0,1.0,3.0,2,3.0,,
924,4,5.0,1.0,3.0,2,3.0,,
925,4,5.0,1.0,1.0,1,2.0,,
926,4,7.0,2.0,1.0,2,3.0,,
927,4,1.0,2.0,3.0,2,3.0,,
928,4,6.0,2.0,1.0,2,4.0,,
929,4,4.0,1.0,3.0,1,4.0,,
930,4,7.0,1.0,1.0,2,2.0,,
931,4,5.0,2.0,1.0,2,3.0,,
932,4,5.0,1.0,1.0,1,1.0,,
933,4,4.0,1.0,1.0,1,4.0,,
934,4,7.0,2.0,1.0,1,1.0,,
935,4,3.0,1.0,3.0,1,3.0,,
936,4,4.0,2.0,1.0,2,1.0,,
937,4,1.0,1.0,1.0,2,1.0,,
938,4,6.0,2.0,1.0,1,2.0,,
939,4,5.0,1.0,1.0,2,2.0,,
940,4,1.0,2.0,3.0,2,3.0,,
941,4,5.0,1.0,1.0,2,3.0,,
942,4,7.0,2.0,1.0,2,3.0,,
943,4,2.0,1.0,1.0,2,3.0,,
944,4,3.0,1.0,1.0,2,1.0,,
945,4,1.0,2.0,3.0,2,3.0,,
946,4,6.0,1.0,3.0,1,3.0,,
947,4,7.0,1.0,1.0,1,5.0,,
948,4,6.0,1.0,3.0,2,3.0,,
949,4,5.0,1.0,1.0,2,4.0,,
950,4,3.0,1.0,3.0,1,1.0,,
951,4,7.0,2.0,2.0,2,2.0,,
952,4,3.0,1.0,1.0,2,3.0,,
953,4,3.0,1.0,1.0,1,2.0,,
954,4,6.0,1.0,1.0,2,4.0,,
955,4,7.0,2.0,1.0,1,1.0,,
956,4,6.0,2.0,1.0,2,4.0,,
957,4,1.0,2.0,3.0,1,2.0,,
958,4,4.0,1.0,1.0,1,5.0,,
959,4,5.0,1.0,1.0,2,3.0,,
960,4,5.0,1.0,1.0,2,5.0,,
961,4,2.0,2.0,3.0,2,2.0,,
962,4,6.0,1.0,1.0,2,5.0,,
963,4,2.0,1.0,1.0,1,4.0,,
964,4,2.0,1.0,3.0,1,2.0,,
965,4,6.0,1.0,1.0,2,5.0,,
966,4,4.0,1.0,1.0,2,4.0,,
967,4,1.0,2.0,2.0,2,5.0,,
968,4,1.0,2.0,3.0,2,1.0,,
969,4,4.0,2.0,3.0,2,2.0,,
970,4,4.0,2.0,2.0,2,5.0,,
971,4,2.0,1.0,,1,1.0,,
972,4,7.0,1.0,1.0,1,4.0,,
973,4,3.0,2.0,1.0,2,2.0,,
974,4,3.0,1.0,3.0,1,4.0,,
975,4,2.0,1.0,3.0,1,4.0,,
976,4,2.0,1.0,3.0,2,1.0,,
977,4,5.0,1.0,1.0,2,4.0,,
978,4,2.0,1.0,3.0,2,2.0,,
979,4,6.0,2.0,1.0,1,5.0,,
980,4,4.0,1.0,3.0,2,5.0,,
981,4,6.0,2.0,1.0,1,5.0,,
982,4,3.0,2.0,1.0,2,2.0,,
983,4,4.0,1.0,2.0,2,4.0,,
984,4,4.0,2.0,3.0,2,2.0,,
985,4,4.0,1.0,3.0,2,4.0,,
986,4,7.0,2.0,1.0,2,3.0,,
987,4,1.0,2.0,3.0,2,4.0,,
988,4,3.0,2.0,3.0,1,4.0,,
989,4,4.0,1.0,2.0,2,4.0,,
990,4,6.0,2.0,1.0,2,4.0,,
991,4,4.0,2.0,1.0,1,5.0,,
992,4,6.0,1.0,3.0,2,1.0,,
993,4,7.0,1.0,1.0,2,4.0,,
994,4,2.0,2.0,3.0,1,4.0,,
995,4,5.0,2.0,3.0,1,3.0,,
996,4,4.0,1.0,1.0,2,5.0,,
997,4,5.0,1.0,3.0,1,2.0,,
998,4,1.0,2.0,1.0,1,2.0,,
999,4,6.0,2.0,1.0,1,3.0,,
1000,4,2.0,1.0,3.0,1,4.0,,
1001,4,2.0,1.0,3.0,2,1.0,,
1002,4,5.0,1.0,1.0,2,3.0,,
1003,4,2.0,1.0,1.0,2,4.0,,
1004,4,5.0,1.0,1.0,1,5.0,,
1005,4,4.0,1.0,1.0,2,4.0,,
1006,4,2.0,1.0,3.0,1,3.0,,
1007,4,7.0,1.0,1.0,1,3.0,,
1008,4,4.0,2.0,3.0,2,1.0,,
1009,4,5.0,1.0,1.0,2,5.0,,
1010,4,6.0,2.0,3.0,2,3.0,,
1011,4,6.0,1.0,1.0,2,5.0,,
1012,4,7.0,2.0,3.0,2,5.0,,
1013,4,7.0,1.0,1.0,2,4.0,,
1014,4,4.0,2.0,1.0,1,5.0,,
1015,4,6.0,1.0,1.0,1,2.0,,
1016,4,3.0,2.0,3.0,2,1.0,,
1017,4,4.0,2.0,1.0,2,1.0,,
1018,4,6.0,2.0,3.0,1,4.0,,
1019,4,6.0,1.0,3.0,2,4.0,,
1020,4,7.0,2.0,1.0,2,1.0,,
1021,4,5.0,2.0,1.0,2,5.0,,
1022,4,3.0,1.0,3.0,2,1.0,,
1023,4,1.0,2.0,3.0,2,3.0,,
1024,4,2.0,2.0,1.0,1,1.0,,
1025,4,4.0,2.0,3.0,1,4.0,,
1026,4,4.0,2.0,3.0,1,3.0,,
1027,4,6.0,1.0,1.0,1,4.0,,
1028,4,5.0,1.0,1.0,2,5.0,,
1029,4,1.0,2.0,1.0,1,1.0,,
1030,4,3.0,1.0,3.0,2,4.0,,
1031,4,4.0,1.0,1.0,1,3.0,,
1032,4,7.0,2.0,1.0,1,1.0,,
1033,4,3.0,2.0,3.0,1,5.0,,
1034,4,5.0,2.0,1.0,2,3.0,,
1035,4,6.0,1.0,3.0,1,5.0,,
1036,4,4.0,1.0,3.0,2,3.0,,
1037,4,5.0,2.0,1.0,2,4.0,,
1038,4,2.0,1.0,1.0,1,3.0,,
1039,4,6.0,2.0,1.0,2,4.0,,
1040,4,3.0,1.0,3.0,2,4.0,,
1041,4,3.0,1.0,1.0,1,5.0,,
1042,4,5.0,2.0,3.0,1,1.0,,
1043,4,1.0,2.0,2.0,2,4.0,,
1044,4,2.0,1.0,2.0,1,3.0,,
1045,4,4.0,2.0,3.0,1,3.0,,
1046,4,6.0,1.0,3.0,2,2.0,,
1047,4,2.0,1.0,2.0,2,5.0,,
1048,4,7.0,2.0,1.0,2,2.0,,
1049,4,3.0,2.0,1.0,2,5.0,,
1050,4,2.0,1.0,3.0,2,3.0,,
1051,4,5.0,1.0,1.0,2,4.0,,
1052,4,1.0,1.0,3.0,2,2.0,,
1053,4,2.0,1.0,2.0,2,3.0,,
1054,4,4.0,1.0,3.0,2,4.0,,
1055,4,6.0,2.0,1.0,2,3.0,,
1056,4,5.0,2.0,1.0,1,2.0,,
1057,4,2.0,1.0,3.0,1,4.0,,
1058,4,4.0,2.0,3.0,1,2.0,,
1059,4,3.0,1.0,3.0,2,4.0,,
1060,4,6.0,2.0,1.0,2,4.0,,
1061,4,3.0,1.0,3.0,2,3.0,,
1062,4,4.0,2.0,1.0,2,2.0,,
1063,4,4.0,2.0,3.0,2,1.0,,
1064,4,5.0,2.0,1.0,2,5.0,,
1065,4,6.0,2.0,1.0,2,2.0,,
1066,4,5.0,2.0,1.0,2,3.0,,
1067,4,5.0,2.0,1.0,2,4.0,,
1068,4,5.0,2.0,3.0,2,1.0,,
1069,4,5.0,1.0,3.0,1,4.0,,
1070,4,2.0,1.0,3.0,2,2.0,,
1071,4,4.0,2.0,1.0,2,4.0,,
1072,4,6.0,1.0,3.0,2,5.0,,
1073,4,2.0,2.0,1.0,1,2.0,,
1074,4,2.0,1.0,1.0,1,4.0,,
1075,4,5.0,1.0,1.0,1,5.0,,
1076,4,5.0,1.0,1.0,2,4.0,,
1077,4,2.0,1.0,3.0,2,5.0,,
1078,4,1.0,2.0,3.0,2,2.0,,
1079,4,5.0,2.0,1.0,1,4.0,,
1080,4,6.0,1.0,1.0,2,4.0,,
1081,4,7.0,1.0,1.0,2,3.0,,
1082,4,6.0,2.0,2.0,1,2.0,,
1083,4,4.0,1.0,3.0,1,4.0,,
1084,4,2.0,1.0,2.0,1,2.0,,
1085,4,4.0,2.0,3.0,1,3.0,,
1086,4,1.0,2.0,3.0,1,1.0,,
1087,4,3.0,1.0,3.0,1,5.0,,
1088,4,4.0,2.0,1.0,2,3.0,,
1089,4,5.0,2.0,3.0,1,3.0,,
1090,4,7.0,1.0,1.0,1,4.0,,
1091,4,4.0,1.0,3.0,2,4.0,,
1092,4,5.0,1.0,1.0,1,3.0,,
1093,4,7.0,2.0,1.0,2,5.0,,
1094,4,5.0,1.0,3.0,1,4.0,,
1095,4,3.0,2.0,3.0,2,3.0,,
1096,4,4.0,2.0,3.0,1,1.0,,
1097,4,4.0,2.0,3.0,2,2.0,,
1098,4,4.0,1.0,3.0,2,3.0,,
1099,4,5.0,1.0,1.0,2,4.0,,
1100,4,6.0,1.0,1.0,2,4.0,,
1101,4,3.0,2.0,,1,2.0,,
1102,4,4.0,2.0,1.0,1,2.0,,
1103,4,3.0,2.0,2.0,2,2.0,,
1104,4,6.0,2.0,1.0,2,5.0,,
1105,4,6.0,2.0,1.0,2,4.0,,
1106,4,3.0,1.0,3.0,1,4.0,,
1107,4,7.0,2.0,1.0,2,2.0,,
1108,4,3.0,1.0,3.0,1,3.0,,
1109,4,4.0,2.0,3.0,2,1.0,,
1110,4,6.0,1.0,1.0,1,4.0,,
1111,4,1.0,2.0,3.0,2,1.0,,
1112,4,6.0,2.0,1.0,1,1.0,,
1113,4,5.0,2.0,1.0,2,4.0,,
1114,4,5.0,2.0,1.0,1,4.0,,
1115,4,2.0,1.0,3.0,2,4.0,,
1116,4,4.0,1.0,1.0,2,3.0,,
1117,4,4.0,1.0,3.0,1,4.0,,
1118,4,7.0,1.0,1.0,2,4.0,,
1119,4,1.0,1.0,3.0,2,4.0,,
1120,4,2.0,1.0,3.0,1,2.0,,
1121,4,7.0,2.0,1.0,2,5.0,,
1122,4,7.0,2.0,1.0,2,4.0,,
1123,4,4.0,2.0,1.0,2,5.0,,
1124,4,2.0,1.0,3.0,2,4.0,,
1125,4,5.0,1.0,1.0,2,2.0,,
1126,4,5.0,2.0,3.0,2,4.0,,
1127,4,6.0,1.0,3.0,1,4.0,,
1128,4,5.0,2.0,1.0,2,4.0,,
1129,4,4.0,1.0,1.0,2,4.0,,
1130,4,7.0,2.0,1.0,1,3.0,,
1131,4,4.0,1.0,1.0,2,5.0,,
1132,4,1.0,1.0,1.0,2,3.0,,
1133,4,1.0,1.0,3.0,2,3.0,,
1134,4,2.0,1.0,1.0,2,3.0,,
1135,4,1.0,1.0,,2,4.0,,
1136,4,3.0,2.0,1.0,1,4.0,,
1137,4,4.0,2.0,3.0,2,3.0,,
1138,4,6.0,1.0,3.0,2,3.0,,
1139,4,7.0,2.0,1.0,2,5.0,,
1140,4,2.0,2.0,1.0,2,2.0,,
1141,4,2.0,2.0,3.0,2,1.0,,
1142,4,3.0,2.0,3.0,1,4.0,,
1143,4,5.0,1.0,1.0,2,4.0,,
1144,4,5.0,2.0,3.0,1,2.0,,
1145,4,6.0,1.0,3.0,2,1.0,,
1146,4,5.0,1.0,1.0,2,5.0,,
1147,4,3.0,2.0,1.0,2,1.0,,
1148,4,4.0,1.0,1.0,2,4.0,,
1149,4,3.0,1.0,3.0,1,4.0,,
1150,4,1.0,1.0,3.0,2,3.0,,
1151,4,6.0,1.0,1.0,1,3.0,,
1152,4,3.0,1.0,3.0,2,5.0,,
1153,4,3.0,1.0,1.0,2,4.0,,
1154,4,6.0,1.0,1.0,2,5.0,,
1155,4,2.0,1.0,1.0,2,1.0,,
1156,4,7.0,1.0,1.0,1,4.0,,
1157,4,3.0,1.0,3.0,1,5.0,,
1158,4,6.0,1.0,1.0,1,4.0,,
1159,4,2.0,1.0,1.0,1,3.0,,
1160,4,1.0,2.0,3.0,2,3.0,,
1161,4,4.0,2.0,3.0,2,2.0,,
1162,4,5.0,1.0,1.0,2,1.0,,
1163,4,4.0,2.0,3.0,2,2.0,,
1164,4,2.0,1.0,3.0,2,3.0,,
1165,4,7.0,2.0,1.0,2,1.0,,
1166,4,3.0,2.0,3.0,2,1.0,,
1167,4,5.0,2.0,1.0,1,1.0,,
1168,4,6.0,1.0,1.0,1,3.0,,
1169,4,7.0,1.0,3.0,1,4.0,,
1170,4,5.0,1.0,1.0,1,2.0,,
1171,4,4.0,1.0,3.0,2,3.0,,
1172,4,4.0,1.0,3.0,2,4.0,,
1173,4,6.0,1.0,1.0,2,5.0,,
1174,4,5.0,2.0,1.0,2,5.0,,
1175,4,7.0,2.0,1.0,2,4.0,,
1176,4,6.0,1.0,1.0,1,1.0,,
1177,4,2.0,2.0,1.0,2,4.0,,
1178,4,1.0,2.0,3.0,2,1.0,,
1179,4,2.0,1.0,3.0,1,5.0,,
1180,4,5.0,2.0,1.0,1,3.0,,
1181,4,4.0,2.0,1.0,1,2.0,,
1182,4,2.0,2.0,3.0,2,2.0,,
1183,4,7.0,2.0,3.0,2,2.0,,
1184,4,3.0,2.0,1.0,2,3.0,,
1185,4,5.0,1.0,1.0,2,5.0,,
1186,4,3.0,1.0,1.0,1,1.0,,
1187,4,5.0,1.0,3.0,1,4.0,,
1188,4,5.0,1.0,1.0,2,4.0,,
1189,4,7.0,2.0,1.0,1,3.0,,
1190,4,2.0,1.0,3.0,2,2.0,,
1191,4,1.0,1.0,3.0,2,1.0,,
1192,4,5.0,1.0,3.0,1,3.0,,
1193,4,7.0,1.0,3.0,1,4.0,,
1194,4,4.0,1.0,3.0,2,3.0,,
1195,4,7.0,1.0,1.0,2,4.0,,
1196,4,5.0,1.0,3.0,1,3.0,,
1197,4,5.0,1.0,1.0,1,2.0,,
1198,4,7.0,2.0,2.0,1,2.0,,
1199,4,2.0,1.0,1.0,2,2.0,,
1200,4,6.0,1.0,3.0,2,4.0,,
1201,4,6.0,2.0,1.0,2,1.0,,
1202,4,6.0,2.0,1.0,2,4.0,,
1203,4,7.0,2.0,3.0,2,3.0,,
1204,4,5.0,1.0,1.0,2,5.0,,
1205,4,7.0,2.0,1.0,2,5.0,,
1206,4,5.0,2.0,1.0,2,3.0,,
1207,4,7.0,2.0,1.0,2,3.0,,
1208,4,2.0,2.0,1.0,2,1.0,,
1209,4,4.0,2.0,1.0,1,2.0,,
1210,4,6.0,1.0,1.0,1,5.0,,
1211,4,7.0,2.0,1.0,1,4.0,,
1212,4,6.0,2.0,1.0,2,3.0,,
1213,4,1.0,2.0,3.0,2,1.0,,
1214,4,7.0,2.0,1.0,2,2.0,,
1215,4,7.0,2.0,3.0,2,3.0,,
1216,4,1.0,1.0,1.0,2,4.0,,
1217,5,2.0,2.0,3.0,2,1.0,3.0,3.0
1218,5,5.0,2.0,3.0,1,2.0,3.0,3.0
1219,5,2.0,2.0,3.0,2,2.0,1.0,1.0
1220,5,7.0,2.0,1.0,2,5.0,2.0,2.0
1221,5,2.0,2.0,1.0,2,5.0,3.0,2.0
1222,5,6.0,2.0,1.0,2,1.0,2.0,4.0
1223,5,3.0,1.0,3.0,2,2.0,1.0,2.0
1224,5,6.0,1.0,1.0,2,1.0,2.0,2.0
1225,5,7.0,1.0,1.0,1,5.0,2.0,2.0
1226,5,7.0,2.0,1.0,1,3.0,2.0,4.0
1227,5,7.0,2.0,1.0,2,5.0,2.0,2.0
1228,5,2.0,1.0,1.0,2,1.0,1.0,1.0
1229,5,7.0,2.0,3.0,1,2.0,2.0,5.0
1230,5,4.0,2.0,1.0,1,2.0,3.0,2.0
1231,5,7.0,1.0,1.0,2,5.0,2.0,2.0
1232,5,5.0,2.0,1.0,1,3.0,1.0,1.0
1233,5,7.0,2.0,1.0,2,1.0,2.0,3.0
1234,5,7.0,1.0,1.0,1,3.0,2.0,1.0
1235,5,6.0,2.0,1.0,1,1.0,2.0,3.0
1236,5,5.0,1.0,3.0,2,2.0,1.0,2.0
1237,5,7.0,2.0,1.0,2,5.0,2.0,2.0
1238,5,5.0,1.0,3.0,2,3.0,1.0,4.0
1239,5,7.0,1.0,1.0,2,3.0,2.0,2.0
1240,5,3.0,1.0,3.0,2,2.0,3.0,2.0
1241,5,2.0,1.0,3.0,2,1.0,3.0,3.0
1242,5,6.0,2.0,3.0,1,3.0,2.0,1.0
1243,5,6.0,1.0,3.0,1,4.0,1.0,2.0
1244,5,7.0,2.0,3.0,2,4.0,2.0,3.0
1245,5,5.0,2.0,1.0,2,3.0,3.0,3.0
1246,5,5.0,2.0,1.0,2,5.0,1.0,2.0
1247,5,1.0,2.0,3.0,2,2.0,3.0,2.0
1248,5,7.0,1.0,1.0,2,4.0,2.0,2.0
1249,5,5.0,2.0,1.0,2,5.0,3.0,1.0
1250,5,4.0,2.0,3.0,1,4.0,1.0,2.0
1251,5,4.0,1.0,1.0,2,2.0,1.0,1.0
1252,5,6.0,2.0,2.0,2,4.0,2.0,3.0
1253,5,4.0,2.0,3.0,2,2.0,1.0,1.0
1254,5,3.0,1.0,1.0,1,4.0,1.0,1.0
1255,5,4.0,2.0,1.0,2,1.0,3.0,3.0
1256,5,6.0,1.0,1.0,1,3.0,2.0,2.0
1257,5,6.0,1.0,1.0,2,3.0,2.0,1.0
1258,5,4.0,1.0,1.0,2,1.0,1.0,2.0
1259,5,6.0,1.0,1.0,2,1.0,2.0,2.0
1260,5,6.0,1.0,1.0,2,5.0,3.0,2.0
1261,5,3.0,1.0,1.0,2,5.0,1.0,2.0
1262,5,7.0,2.0,3.0,1,4.0,2.0,3.0
1263,5,4.0,1.0,3.0,2,2.0,3.0,5.0
1264,5,2.0,1.0,3.0,2,2.0,1.0,2.0
1265,5,6.0,1.0,1.0,2,5.0,2.0,2.0
1266,5,2.0,2.0,3.0,1,1.0,3.0,2.0
1267,5,3.0,1.0,1.0,2,1.0,1.0,2.0
1268,5,4.0,1.0,1.0,2,4.0,1.0,2.0
1269,5,7.0,2.0,3.0,1,3.0,2.0,3.0
1270,5,6.0,1.0,1.0,1,1.0,2.0,3.0
1271,5,6.0,2.0,1.0,2,5.0,2.0,2.0
1272,5,5.0,1.0,3.0,2,5.0,2.0,2.0
1273,5,7.0,1.0,1.0,2,2.0,2.0,3.0
1274,5,7.0,2.0,1.0,2,4.0,2.0,4.0
1275,5,3.0,1.0,1.0,2,4.0,1.0,2.0
1276,5,7.0,1.0,1.0,1,2.0,1.0,1.0
1277,5,3.0,1.0,1.0,2,1.0,3.0,3.0
1278,5,5.0,,3.0,2,2.0,2.0,2.0
1279,5,6.0,1.0,1.0,1,5.0,2.0,2.0
1280,5,3.0,1.0,3.0,2,4.0,1.0,2.0
1281,5,2.0,2.0,3.0,1,5.0,1.0,1.0
1282,5,5.0,1.0,1.0,1,3.0,2.0,3.0
1283,5,3.0,2.0,3.0,1,2.0,3.0,3.0
1284,5,5.0,2.0,3.0,1,3.0,1.0,3.0
1285,5,5.0,1.0,1.0,1,5.0,2.0,2.0
1286,5,4.0,2.0,1.0,1,5.0,1.0,1.0
1287,5,5.0,2.0,1.0,2,2.0,1.0,1.0
1288,5,6.0,2.0,3.0,1,3.0,2.0,2.0
1289,5,7.0,2.0,1.0,2,3.0,2.0,3.0
1290,5,6.0,1.0,1.0,2,3.0,2.0,2.0
1291,5,4.0,1.0,2.0,2,3.0,3.0,1.0
1292,5,6.0,1.0,3.0,2,5.0,2.0,2.0
1293,5,6.0,2.0,3.0,1,1.0,2.0,2.0
1294,5,3.0,1.0,3.0,2,4.0,3.0,4.0
1295,5,6.0,1.0,1.0,2,4.0,2.0,3.0
1296,5,5.0,1.0,1.0,2,4.0,1.0,4.0
1297,5,5.0,1.0,3.0,2,5.0,1.0,2.0
1298,5,7.0,2.0,1.0,2,1.0,2.0,2.0
1299,5,3.0,1.0,1.0,1,2.0,1.0,2.0
1300,5,7.0,2.0,1.0,2,5.0,2.0,3.0
1301,5,6.0,1.0,1.0,2,4.0,2.0,2.0
1302,5,4.0,1.0,3.0,2,1.0,3.0,4.0
1303,5,2.0,1.0,1.0,2,1.0,1.0,1.0
1304,5,2.0,2.0,1.0,2,2.0,1.0,3.0
1305,5,5.0,2.0,1.0,2,5.0,3.0,2.0
1306,5,2.0,2.0,3.0,2,3.0,1.0,1.0
1307,5,6.0,1.0,1.0,2,4.0,2.0,3.0
1308,5,7.0,1.0,3.0,1,4.0,2.0,2.0
1309,5,2.0,2.0,3.0,2,1.0,1.0,1.0
1310,5,3.0,1.0,2.0,2,1.0,1.0,2.0
1311,5,2.0,2.0,3.0,2,5.0,1.0,1.0
1312,5,6.0,2.0,1.0,1,3.0,2.0,2.0
1313,5,7.0,1.0,1.0,2,4.0,3.0,2.0
1314,5,4.0,2.0,3.0,1,4.0,3.0,1.0
1315,5,7.0,2.0,1.0,2,1.0,2.0,2.0
1316,5,7.0,2.0,1.0,2,5.0,2.0,1.0
1317,5,5.0,1.0,3.0,2,3.0,3.0,4.0
1318,5,2.0,1.0,1.0,1,2.0,3.0,1.0
1319,5,6.0,1.0,1.0,1,2.0,2.0,2.0
1320,5,6.0,2.0,1.0,2,5.0,2.0,3.0
1321,5,6.0,1.0,1.0,2,4.0,1.0,1.0
1322,5,3.0,1.0,3.0,2,4.0,1.0,3.0
1323,5,3.0,1.0,3.0,2,5.0,1.0,3.0
1324,5,3.0,2.0,3.0,2,3.0,3.0,2.0
1325,5,1.0,2.0,1.0,1,1.0,3.0,2.0
1326,5,4.0,2.0,3.0,1,2.0,3.0,2.0
1327,5,5.0,1.0,3.0,1,4.0,1.0,1.0
1328,5,4.0,1.0,2.0,2,1.0,3.0,4.0
1329,5,2.0,1.0,3.0,2,5.0,1.0,2.0
1330,5,4.0,1.0,3.0,1,1.0,1.0,1.0
1331,5,3.0,2.0,3.0,2,2.0,1.0,2.0
1332,5,4.0,1.0,3.0,2,5.0,3.0,1.0
1333,5,5.0,1.0,3.0,2,4.0,1.0,2.0
1334,5,4.0,2.0,3.0,2,4.0,2.0,1.0
1335,5,2.0,1.0,3.0,2,4.0,1.0,3.0
1336,5,6.0,2.0,1.0,2,2.0,2.0,3.0
1337,5,7.0,2.0,3.0,2,4.0,2.0,3.0
1338,5,6.0,2.0,1.0,2,3.0,2.0,3.0
1339,5,4.0,1.0,3.0,2,5.0,1.0,2.0
1340,5,6.0,1.0,1.0,1,5.0,2.0,2.0
1341,5,4.0,1.0,3.0,2,2.0,1.0,2.0
1342,5,6.0,1.0,1.0,2,5.0,2.0,1.0
1343,5,7.0,2.0,3.0,2,1.0,2.0,3.0
1344,5,4.0,1.0,1.0,1,3.0,1.0,1.0
1345,5,5.0,2.0,1.0,1,3.0,1.0,5.0
1346,5,7.0,1.0,3.0,1,3.0,2.0,1.0
1347,5,1.0,2.0,3.0,2,5.0,1.0,3.0
1348,5,6.0,2.0,1.0,2,5.0,2.0,3.0
1349,5,6.0,1.0,1.0,1,1.0,2.0,2.0
1350,5,5.0,2.0,1.0,2,3.0,3.0,4.0
1351,5,2.0,1.0,3.0,1,1.0,1.0,2.0
1352,5,6.0,2.0,1.0,2,5.0,2.0,1.0
1353,5,6.0,2.0,1.0,2,2.0,2.0,3.0
1354,5,5.0,2.0,1.0,2,2.0,1.0,1.0
1355,5,1.0,2.0,3.0,1,2.0,3.0,3.0
1356,5,2.0,2.0,3.0,2,4.0,3.0,2.0
1357,5,7.0,2.0,1.0,1,2.0,2.0,4.0
1358,5,4.0,1.0,3.0,2,2.0,1.0,1.0
1359,5,4.0,1.0,3.0,2,5.0,1.0,1.0
1360,5,6.0,1.0,1.0,2,5.0,2.0,1.0
1361,5,2.0,1.0,3.0,2,1.0,3.0,2.0
1362,5,6.0,1.0,1.0,1,2.0,1.0,3.0
1363,5,7.0,2.0,1.0,2,1.0,2.0,3.0
1364,5,4.0,1.0,3.0,1,4.0,3.0,3.0
1365,5,6.0,1.0,1.0,1,5.0,2.0,3.0
1366,5,6.0,1.0,1.0,1,4.0,2.0,2.0
1367,5,3.0,2.0,1.0,2,5.0,1.0,1.0
1368,5,6.0,1.0,1.0,2,2.0,1.0,2.0
1369,5,5.0,2.0,3.0,2,1.0,1.0,2.0
1370,5,7.0,2.0,1.0,2,5.0,2.0,1.0
1371,5,6.0,1.0,1.0,2,1.0,1.0,2.0
1372,5,2.0,1.0,1.0,2,2.0,1.0,5.0
1373,5,6.0,2.0,1.0,2,3.0,2.0,4.0
1374,5,6.0,2.0,1.0,2,3.0,1.0,2.0
1375,5,5.0,1.0,1.0,1,5.0,1.0,1.0
1376,5,7.0,1.0,1.0,2,5.0,2.0,3.0
1377,5,6.0,2.0,2.0,1,1.0,2.0,3.0
1378,5,4.0,1.0,1.0,1,4.0,1.0,2.0
1379,5,5.0,2.0,3.0,2,4.0,2.0,2.0
1380,5,3.0,2.0,3.0,2,2.0,1.0,2.0
1381,5,5.0,2.0,1.0,1,3.0,3.0,5.0
1382,5,4.0,1.0,3.0,2,3.0,1.0,2.0
1383,5,3.0,1.0,3.0,1,2.0,1.0,1.0
1384,5,1.0,1.0,3.0,1,3.0,3.0,4.0
1385,5,2.0,1.0,1.0,2,2.0,1.0,2.0
1386,5,4.0,1.0,1.0,2,2.0,1.0,1.0
1387,5,6.0,2.0,3.0,1,1.0,2.0,2.0
1388,5,5.0,1.0,3.0,1,2.0,2.0,1.0
1389,5,6.0,2.0,1.0,2,5.0,2.0,3.0
1390,5,7.0,1.0,1.0,2,5.0,2.0,2.0
1391,5,7.0,2.0,1.0,2,4.0,2.0,2.0
1392,5,6.0,2.0,1.0,2,2.0,2.0,1.0
1393,5,5.0,1.0,1.0,2,3.0,2.0,2.0
1394,5,7.0,2.0,1.0,2,3.0,2.0,2.0
1395,5,7.0,2.0,1.0,2,3.0,2.0,3.0
1396,5,7.0,2.0,1.0,2,4.0,2.0,3.0
1397,5,2.0,2.0,3.0,1,4.0,1.0,1.0
1398,5,7.0,1.0,1.0,2,5.0,2.0,2.0
1399,5,4.0,1.0,1.0,1,5.0,1.0,1.0
1400,5,5.0,1.0,1.0,1,1.0,2.0,3.0
1401,5,2.0,2.0,1.0,2,2.0,1.0,1.0
1402,5,7.0,1.0,3.0,1,4.0,2.0,1.0
1403,5,4.0,1.0,3.0,2,2.0,1.0,2.0
1404,5,4.0,1.0,1.0,1,3.0,1.0,2.0
1405,5,7.0,2.0,1.0,1,5.0,2.0,3.0
1406,5,5.0,1.0,3.0,2,3.0,1.0,2.0
1407,5,5.0,1.0,1.0,2,5.0,1.0,1.0
1408,5,7.0,2.0,1.0,2,2.0,2.0,2.0
1409,5,5.0,1.0,3.0,2,2.0,3.0,3.0
1410,5,4.0,1.0,3.0,1,4.0,1.0,3.0
1411,5,5.0,1.0,2.0,2,4.0,1.0,1.0
1412,5,3.0,2.0,3.0,2,1.0,3.0,4.0
1413,5,6.0,2.0,1.0,1,2.0,2.0,1.0
1414,5,5.0,1.0,1.0,1,5.0,1.0,1.0
1415,5,4.0,1.0,1.0,2,4.0,1.0,2.0
1416,5,3.0,2.0,1.0,2,3.0,1.0,2.0
1417,5,5.0,1.0,1.0,2,1.0,1.0,3.0
1418,5,3.0,1.0,1.0,2,5.0,1.0,1.0
1419,5,7.0,2.0,1.0,1,5.0,2.0,1.0
1420,5,4.0,1.0,3.0,1,2.0,1.0,1.0
1421,5,5.0,1.0,1.0,2,5.0,2.0,1.0
1422,5,4.0,1.0,1.0,2,5.0,1.0,1.0
1423,5,2.0,1.0,3.0,1,1.0,1.0,2.0
1424,5,3.0,1.0,1.0,2,5.0,3.0,1.0
1425,5,2.0,2.0,3.0,2,5.0,3.0,2.0
1426,5,6.0,1.0,1.0,2,4.0,2.0,1.0
1427,5,6.0,2.0,3.0,1,2.0,2.0,5.0
1428,5,3.0,1.0,3.0,2,1.0,3.0,2.0
1429,5,3.0,1.0,1.0,1,5.0,1.0,2.0
1430,5,1.0,2.0,3.0,1,5.0,3.0,2.0
1431,5,2.0,1.0,3.0,2,2.0,1.0,2.0
1432,5,2.0,2.0,2.0,2,3.0,1.0,1.0
1433,5,5.0,1.0,1.0,1,5.0,2.0,1.0
1434,5,7.0,2.0,3.0,2,4.0,2.0,3.0
1435,5,4.0,1.0,1.0,2,3.0,1.0,2.0
1436,5,4.0,1.0,3.0,2,1.0,1.0,2.0
1437,5,5.0,2.0,3.0,1,2.0,1.0,1.0
1438,5,5.0,1.0,1.0,1,1.0,1.0,1.0
1439,5,4.0,1.0,1.0,2,2.0,1.0,4.0
1440,5,1.0,2.0,3.0,1,5.0,3.0,2.0
1441,5,2.0,1.0,3.0,2,1.0,3.0,1.0
1442,5,5.0,1.0,1.0,2,4.0,3.0,2.0
1443,5,3.0,1.0,1.0,1,5.0,1.0,1.0
1444,5,2.0,1.0,3.0,1,2.0,1.0,2.0
1445,5,5.0,1.0,1.0,2,4.0,1.0,1.0
1446,5,5.0,1.0,1.0,2,2.0,3.0,2.0
1447,5,3.0,1.0,2.0,1,1.0,3.0,2.0
1448,5,7.0,2.0,3.0,1,4.0,2.0,2.0
1449,5,2.0,2.0,3.0,2,3.0,1.0,1.0
1450,5,4.0,1.0,1.0,1,5.0,1.0,1.0
1451,5,3.0,1.0,1.0,1,2.0,1.0,2.0
1452,5,5.0,1.0,1.0,1,4.0,1.0,3.0
1453,5,7.0,1.0,1.0,1,5.0,2.0,3.0
1454,5,3.0,1.0,1.0,2,2.0,1.0,1.0
1455,5,2.0,1.0,1.0,1,4.0,1.0,1.0
1456,5,2.0,2.0,3.0,2,2.0,3.0,2.0
1457,5,5.0,1.0,3.0,2,4.0,2.0,2.0
1458,5,4.0,1.0,3.0,2,2.0,3.0,1.0
1459,5,7.0,2.0,1.0,1,3.0,1.0,1.0
1460,5,6.0,1.0,1.0,1,4.0,2.0,2.0
1461,5,3.0,1.0,3.0,2,3.0,1.0,1.0
1462,5,4.0,1.0,1.0,1,1.0,1.0,1.0
1463,5,5.0,1.0,1.0,2,4.0,2.0,2.0
1464,5,2.0,1.0,1.0,1,2.0,1.0,2.0
1465,5,3.0,2.0,1.0,2,1.0,1.0,1.0
1466,5,7.0,1.0,1.0,1,3.0,2.0,2.0
1467,5,5.0,2.0,1.0,2,2.0,1.0,2.0
1468,5,1.0,2.0,3.0,2,1.0,1.0,2.0
1469,5,4.0,2.0,1.0,2,1.0,3.0,4.0
1470,5,6.0,1.0,1.0,1,5.0,1.0,1.0
1471,5,7.0,1.0,1.0,2,3.0,2.0,2.0
1472,5,3.0,1.0,1.0,2,5.0,1.0,2.0
1473,5,6.0,1.0,1.0,2,2.0,2.0,2.0
1474,5,1.0,1.0,3.0,2,1.0,3.0,2.0
1475,5,1.0,2.0,3.0,1,2.0,1.0,2.0
1476,5,5.0,2.0,3.0,1,5.0,1.0,2.0
1477,5,7.0,1.0,1.0,1,2.0,2.0,3.0
1478,5,3.0,2.0,1.0,2,4.0,1.0,2.0
1479,5,4.0,1.0,1.0,1,2.0,3.0,2.0
1480,5,4.0,1.0,3.0,2,3.0,1.0,1.0
1481,5,6.0,2.0,3.0,1,1.0,2.0,4.0
1482,5,1.0,2.0,3.0,1,5.0,3.0,1.0
1483,5,7.0,2.0,3.0,2,4.0,2.0,3.0
1484,5,7.0,2.0,1.0,2,2.0,2.0,3.0
1485,5,6.0,1.0,1.0,1,5.0,2.0,2.0
1486,5,5.0,2.0,3.0,2,1.0,1.0,2.0
1487,5,4.0,2.0,1.0,1,2.0,3.0,2.0
1488,5,4.0,1.0,3.0,1,3.0,1.0,1.0
1489,5,6.0,2.0,3.0,2,3.0,2.0,2.0
1490,5,7.0,2.0,1.0,2,1.0,2.0,3.0
1491,5,5.0,2.0,3.0,2,1.0,3.0,3.0
1492,5,4.0,2.0,3.0,1,4.0,1.0,3.0
1493,5,4.0,1.0,3.0,2,4.0,1.0,1.0
1494,5,7.0,1.0,1.0,1,1.0,2.0,4.0
1495,5,2.0,1.0,3.0,2,1.0,3.0,3.0
1496,5,6.0,1.0,1.0,2,5.0,2.0,2.0
1497,5,6.0,1.0,3.0,1,2.0,2.0,2.0
1498,5,5.0,2.0,1.0,2,2.0,1.0,3.0
1499,5,6.0,2.0,1.0,2,4.0,2.0,1.0
1500,5,7.0,1.0,1.0,1,4.0,2.0,1.0
1501,5,3.0,2.0,3.0,1,2.0,1.0,2.0
1502,5,3.0,2.0,3.0,2,1.0,1.0,2.0
1503,5,5.0,1.0,1.0,2,2.0,1.0,3.0
1504,5,7.0,2.0,1.0,2,3.0,2.0,1.0
1505,5,4.0,1.0,3.0,2,5.0,1.0,1.0
1506,5,1.0,2.0,1.0,2,1.0,3.0,1.0
1507,5,7.0,2.0,1.0,2,3.0,2.0,4.0
1508,5,5.0,2.0,1.0,1,1.0,3.0,5.0
1509,5,6.0,2.0,2.0,2,3.0,2.0,1.0
1510,5,5.0,1.0,1.0,2,4.0,1.0,2.0
1511,5,2.0,1.0,3.0,2,1.0,3.0,3.0
1512,5,7.0,2.0,1.0,2,1.0,2.0,3.0
1513,5,1.0,2.0,3.0,2,2.0,1.0,1.0
1514,5,2.0,1.0,3.0,2,4.0,3.0,1.0
1515,5,6.0,1.0,3.0,1,4.0,2.0,1.0
1516,5,7.0,2.0,1.0,2,2.0,2.0,3.0
1517,5,5.0,2.0,3.0,2,4.0,1.0,3.0
1518,5,4.0,1.0,1.0,1,2.0,1.0,1.0
1519,5,5.0,2.0,3.0,2,1.0,3.0,4.0
1520,5,6.0,2.0,3.0,2,2.0,2.0,2.0
1521,5,3.0,1.0,3.0,2,5.0,1.0,1.0
1522,5,4.0,2.0,3.0,1,2.0,3.0,3.0
1523,5,3.0,1.0,3.0,2,3.0,1.0,2.0
1524,5,5.0,2.0,1.0,2,4.0,1.0,2.0
1525,5,4.0,2.0,3.0,2,1.0,3.0,4.0
1526,5,3.0,1.0,1.0,1,3.0,1.0,3.0
1527,5,6.0,1.0,1.0,2,3.0,1.0,2.0
1528,5,6.0,1.0,1.0,2,4.0,2.0,3.0
1529,5,2.0,2.0,3.0,1,3.0,1.0,2.0
1530,5,2.0,1.0,3.0,1,4.0,1.0,1.0
1531,5,3.0,1.0,3.0,1,1.0,1.0,1.0
1532,5,7.0,1.0,3.0,2,1.0,2.0,1.0
1533,5,5.0,1.0,1.0,2,3.0,1.0,1.0
1534,5,3.0,1.0,3.0,2,1.0,3.0,2.0
1535,5,5.0,2.0,3.0,2,4.0,3.0,3.0
1536,5,3.0,1.0,1.0,1,2.0,1.0,1.0
1537,5,3.0,2.0,3.0,1,2.0,3.0,2.0
1538,5,1.0,2.0,1.0,2,2.0,3.0,2.0
1539,5,3.0,2.0,3.0,2,3.0,1.0,2.0
1540,5,6.0,2.0,1.0,1,2.0,2.0,2.0
1541,5,2.0,1.0,1.0,2,5.0,1.0,3.0
1542,5,3.0,2.0,3.0,1,2.0,3.0,4.0
1543,5,1.0,2.0,3.0,1,2.0,3.0,1.0
1544,5,4.0,2.0,3.0,1,5.0,2.0,2.0
1545,5,2.0,1.0,1.0,1,1.0,1.0,4.0
1546,5,6.0,1.0,3.0,2,1.0,2.0,5.0
1547,5,4.0,1.0,1.0,2,3.0,3.0,4.0
1548,5,3.0,1.0,3.0,2,5.0,1.0,1.0
1549,5,2.0,2.0,3.0,2,2.0,3.0,2.0
1550,5,5.0,2.0,3.0,2,2.0,3.0,3.0
1551,5,2.0,1.0,3.0,1,4.0,1.0,1.0
1552,5,7.0,2.0,1.0,1,2.0,2.0,2.0
1553,5,4.0,2.0,3.0,2,4.0,1.0,1.0
1554,5,6.0,1.0,3.0,2,4.0,1.0,1.0
1555,5,3.0,2.0,3.0,2,1.0,1.0,1.0
1556,5,6.0,1.0,1.0,2,2.0,2.0,2.0
1557,5,7.0,2.0,3.0,2,3.0,2.0,2.0
1558,5,6.0,2.0,1.0,2,5.0,1.0,2.0
1559,5,3.0,2.0,3.0,2,1.0,3.0,3.0
1560,5,4.0,2.0,3.0,1,2.0,3.0,3.0
1561,5,5.0,2.0,1.0,1,5.0,3.0,4.0
1562,5,1.0,1.0,3.0,1,3.0,3.0,1.0
1563,5,7.0,1.0,1.0,2,5.0,2.0,2.0
1564,5,3.0,2.0,3.0,1,3.0,1.0,2.0
1565,5,6.0,2.0,1.0,2,5.0,2.0,2.0
1566,5,2.0,1.0,3.0,2,2.0,1.0,1.0
1567,5,5.0,1.0,1.0,1,2.0,1.0,2.0
1568,5,4.0,1.0,3.0,2,1.0,1.0,2.0
1569,5,2.0,1.0,3.0,2,5.0,1.0,1.0
1570,5,7.0,1.0,1.0,1,4.0,2.0,2.0
1571,5,6.0,1.0,1.0,1,5.0,2.0,1.0
1572,5,3.0,2.0,3.0,1,1.0,1.0,2.0
1573,5,2.0,2.0,2.0,1,5.0,1.0,3.0
1574,5,5.0,2.0,1.0,2,5.0,3.0,3.0
1575,5,6.0,2.0,1.0,1,2.0,2.0,1.0
1576,5,3.0,1.0,3.0,1,4.0,1.0,1.0
1577,5,6.0,2.0,3.0,2,3.0,2.0,4.0
1578,5,5.0,2.0,1.0,2,3.0,1.0,1.0
1579,5,5.0,1.0,1.0,2,2.0,2.0,2.0
1580,5,6.0,1.0,1.0,2,4.0,2.0,2.0
1581,5,3.0,2.0,3.0,2,3.0,1.0,1.0
1582,5,2.0,1.0,1.0,2,5.0,3.0,1.0
1583,5,4.0,2.0,3.0,2,4.0,1.0,2.0
1584,5,6.0,2.0,1.0,1,3.0,2.0,3.0
1585,5,7.0,2.0,1.0,2,3.0,2.0,3.0
1586,5,4.0,1.0,1.0,2,3.0,1.0,2.0
1587,5,1.0,2.0,3.0,2,2.0,1.0,2.0
1588,5,6.0,1.0,1.0,2,4.0,1.0,2.0
1589,5,7.0,2.0,1.0,2,4.0,2.0,2.0
1590,5,4.0,1.0,3.0,1,5.0,1.0,2.0
1591,5,7.0,1.0,1.0,2,4.0,2.0,3.0
1592,5,3.0,1.0,3.0,1,5.0,1.0,1.0
1593,5,6.0,2.0,3.0,2,2.0,2.0,3.0
1594,5,3.0,1.0,1.0,1,1.0,1.0,1.0
1595,5,3.0,1.0,2.0,2,3.0,1.0,2.0
1596,5,5.0,1.0,1.0,1,3.0,1.0,2.0
1597,5,6.0,2.0,1.0,1,2.0,2.0,2.0
1598,5,6.0,2.0,3.0,2,3.0,2.0,2.0
1599,5,5.0,2.0,,1,2.0,3.0,
1600,5,5.0,2.0,1.0,1,1.0,1.0,2.0
1601,5,6.0,1.0,3.0,1,4.0,2.0,2.0
1602,5,5.0,2.0,1.0,2,1.0,3.0,4.0
1603,5,3.0,1.0,3.0,1,5.0,1.0,1.0
1604,5,7.0,2.0,1.0,2,3.0,2.0,2.0
1605,5,4.0,1.0,3.0,2,3.0,1.0,1.0
1606,5,3.0,2.0,3.0,2,4.0,1.0,1.0
1607,5,3.0,2.0,1.0,2,2.0,1.0,1.0
1608,5,7.0,1.0,1.0,1,3.0,2.0,3.0
1609,5,6.0,1.0,1.0,2,4.0,2.0,3.0
1610,5,6.0,1.0,3.0,2,2.0,2.0,1.0
1611,5,1.0,2.0,3.0,2,3.0,3.0,1.0
1612,5,6.0,1.0,1.0,1,5.0,2.0,1.0
1613,5,2.0,2.0,1.0,2,4.0,1.0,2.0
1614,5,7.0,1.0,1.0,1,5.0,2.0,2.0
1615,5,2.0,1.0,3.0,2,3.0,1.0,2.0
1616,5,2.0,2.0,3.0,1,5.0,1.0,2.0
1617,5,1.0,1.0,3.0,2,1.0,1.0,3.0
1618,5,7.0,2.0,1.0,2,4.0,2.0,2.0
1619,5,4.0,2.0,1.0,2,1.0,1.0,3.0
1620,5,7.0,2.0,,1,4.0,2.0,2.0
1621,5,5.0,1.0,1.0,1,5.0,1.0,1.0
1622,5,6.0,2.0,1.0,2,3.0,2.0,1.0
1623,5,6.0,1.0,1.0,2,2.0,2.0,3.0
1624,5,2.0,1.0,3.0,2,4.0,3.0,1.0
1625,5,6.0,1.0,1.0,2,5.0,2.0,1.0
1626,5,6.0,1.0,1.0,2,5.0,2.0,1.0
1627,5,4.0,1.0,1.0,1,1.0,1.0,3.0
1628,5,3.0,2.0,3.0,1,2.0,1.0,2.0
1629,5,7.0,1.0,1.0,1,5.0,1.0,5.0
1630,5,2.0,2.0,1.0,1,3.0,1.0,2.0
1631,5,5.0,1.0,1.0,2,5.0,1.0,2.0
1632,5,2.0,2.0,3.0,2,1.0,3.0,2.0
1633,5,3.0,1.0,1.0,2,1.0,1.0,2.0
1634,5,5.0,1.0,1.0,1,4.0,2.0,3.0
1635,5,2.0,1.0,3.0,1,2.0,1.0,1.0
1636,5,5.0,1.0,3.0,2,1.0,1.0,2.0
1637,5,6.0,2.0,1.0,2,4.0,2.0,3.0
1638,5,7.0,1.0,1.0,2,4.0,2.0,2.0
1639,5,7.0,1.0,1.0,1,4.0,2.0,1.0
1640,5,3.0,2.0,3.0,2,1.0,3.0,3.0
1641,5,5.0,2.0,1.0,2,3.0,1.0,2.0
1642,5,2.0,1.0,1.0,2,5.0,1.0,2.0
1643,5,3.0,1.0,3.0,1,3.0,3.0,2.0
1644,5,3.0,1.0,1.0,1,3.0,1.0,2.0
1645,5,2.0,2.0,3.0,1,2.0,1.0,2.0
1646,5,6.0,1.0,1.0,1,2.0,2.0,3.0
1647,5,6.0,1.0,1.0,2,4.0,2.0,3.0
1648,5,7.0,2.0,1.0,2,2.0,2.0,3.0
1649,5,5.0,2.0,1.0,2,1.0,3.0,2.0
1650,5,5.0,2.0,1.0,2,3.0,1.0,3.0
1651,5,3.0,1.0,1.0,2,3.0,1.0,1.0
1652,5,4.0,1.0,1.0,1,5.0,1.0,2.0
1653,5,7.0,1.0,3.0,1,4.0,2.0,3.0
1654,5,7.0,2.0,1.0,2,4.0,2.0,1.0
1655,5,6.0,1.0,1.0,2,5.0,2.0,2.0
1656,5,4.0,1.0,3.0,2,2.0,1.0,2.0
1657,5,7.0,2.0,1.0,2,2.0,2.0,3.0
1658,5,4.0,2.0,1.0,2,5.0,1.0,2.0
1659,5,2.0,1.0,3.0,2,1.0,1.0,2.0
1660,5,3.0,2.0,,2,2.0,1.0,3.0
1661,5,1.0,2.0,3.0,2,5.0,3.0,1.0
1662,5,2.0,2.0,3.0,2,3.0,1.0,3.0
1663,5,4.0,2.0,3.0,2,3.0,1.0,2.0
1664,5,7.0,1.0,1.0,1,5.0,2.0,3.0
1665,5,3.0,1.0,3.0,2,2.0,3.0,2.0
1666,5,7.0,2.0,1.0,1,2.0,2.0,4.0
1667,5,2.0,2.0,3.0,1,5.0,3.0,3.0
1668,5,3.0,1.0,1.0,2,5.0,3.0,1.0
1669,5,5.0,1.0,1.0,1,4.0,3.0,3.0
1670,5,7.0,2.0,1.0,2,5.0,2.0,2.0
1671,5,5.0,1.0,1.0,1,4.0,1.0,2.0
1672,5,2.0,2.0,3.0,2,3.0,1.0,1.0
1673,5,6.0,2.0,1.0,1,4.0,2.0,2.0
1674,5,3.0,2.0,3.0,2,5.0,1.0,2.0
1675,5,7.0,1.0,1.0,1,4.0,2.0,2.0
1676,5,3.0,1.0,1.0,1,4.0,1.0,1.0
1677,5,5.0,1.0,1.0,2,5.0,2.0,1.0
1678,5,5.0,1.0,1.0,2,2.0,1.0,2.0
1679,5,7.0,1.0,1.0,1,4.0,2.0,1.0
1680,5,7.0,1.0,1.0,1,4.0,2.0,2.0
1681,5,7.0,2.0,1.0,2,3.0,2.0,2.0
1682,5,6.0,2.0,1.0,2,4.0,2.0,3.0
1683,5,6.0,1.0,1.0,1,5.0,2.0,1.0
1684,5,6.0,1.0,1.0,2,1.0,2.0,2.0
1685,5,4.0,2.0,3.0,2,3.0,3.0,5.0
1686,5,7.0,1.0,1.0,1,5.0,2.0,1.0
1687,5,3.0,1.0,3.0,2,1.0,3.0,4.0
1688,5,6.0,1.0,1.0,1,4.0,1.0,1.0
1689,5,6.0,2.0,1.0,1,5.0,1.0,3.0
1690,5,5.0,2.0,1.0,1,3.0,2.0,3.0
1691,5,6.0,1.0,3.0,2,5.0,2.0,2.0
1692,5,1.0,2.0,3.0,2,1.0,3.0,1.0
1693,5,5.0,1.0,1.0,2,1.0,1.0,2.0
1694,5,4.0,1.0,3.0,2,4.0,1.0,1.0
1695,5,3.0,1.0,3.0,1,5.0,1.0,1.0
1696,5,5.0,1.0,3.0,2,3.0,1.0,3.0
1697,5,6.0,1.0,2.0,1,3.0,2.0,1.0
1698,5,6.0,2.0,1.0,2,4.0,2.0,1.0
1699,5,5.0,1.0,3.0,2,5.0,1.0,1.0
1700,5,5.0,2.0,1.0,2,4.0,3.0,3.0
1701,5,3.0,1.0,3.0,2,4.0,1.0,2.0
1702,5,7.0,2.0,1.0,2,4.0,2.0,1.0
1703,5,2.0,2.0,1.0,2,5.0,3.0,2.0
1704,5,5.0,2.0,1.0,2,2.0,1.0,1.0
1705,5,5.0,1.0,3.0,1,1.0,1.0,2.0
1706,5,3.0,1.0,3.0,2,5.0,1.0,2.0
1707,5,4.0,1.0,3.0,1,1.0,1.0,2.0
1708,5,4.0,1.0,1.0,2,3.0,1.0,1.0
1709,5,5.0,1.0,1.0,2,4.0,1.0,1.0
1710,5,3.0,1.0,3.0,2,4.0,3.0,5.0
1711,5,5.0,1.0,1.0,1,3.0,2.0,4.0
1712,5,7.0,1.0,1.0,2,5.0,2.0,3.0
1713,5,5.0,1.0,1.0,2,5.0,1.0,2.0
1714,5,6.0,2.0,1.0,2,5.0,2.0,2.0
1715,5,1.0,2.0,3.0,2,5.0,3.0,1.0
1716,5,4.0,2.0,1.0,2,2.0,3.0,2.0
1717,5,5.0,1.0,1.0,2,4.0,1.0,1.0
1718,5,2.0,1.0,3.0,2,2.0,3.0,1.0
1719,5,2.0,1.0,3.0,2,2.0,1.0,2.0
1720,5,2.0,2.0,1.0,2,4.0,1.0,1.0
1721,5,2.0,1.0,1.0,1,4.0,1.0,2.0
1722,5,5.0,2.0,1.0,2,5.0,1.0,1.0
1723,5,2.0,1.0,3.0,2,2.0,3.0,2.0
1724,5,5.0,2.0,3.0,1,4.0,1.0,2.0
1725,5,5.0,1.0,3.0,2,3.0,1.0,1.0
1726,5,4.0,2.0,3.0,2,4.0,1.0,2.0
1727,5,3.0,1.0,3.0,1,2.0,1.0,2.0
1728,5,4.0,2.0,3.0,2,4.0,3.0,4.0
1729,5,5.0,1.0,1.0,1,3.0,1.0,2.0
1730,5,7.0,2.0,1.0,2,5.0,2.0,1.0
1731,5,3.0,1.0,3.0,1,4.0,1.0,1.0
1732,5,4.0,1.0,3.0,2,2.0,1.0,1.0
1733,5,7.0,2.0,1.0,2,3.0,1.0,1.0
1734,5,7.0,1.0,1.0,2,1.0,3.0,2.0
1735,5,1.0,2.0,1.0,2,1.0,3.0,2.0
1736,5,6.0,1.0,1.0,2,4.0,2.0,1.0
1737,5,6.0,2.0,1.0,2,4.0,1.0,1.0
1738,5,7.0,1.0,3.0,1,4.0,1.0,2.0
1739,5,7.0,2.0,1.0,2,2.0,2.0,2.0
1740,5,5.0,2.0,3.0,2,1.0,3.0,3.0
1741,5,7.0,2.0,1.0,2,2.0,2.0,2.0
1742,5,4.0,2.0,1.0,2,2.0,1.0,2.0
1743,5,2.0,1.0,3.0,2,3.0,3.0,3.0
1744,5,2.0,1.0,1.0,1,4.0,3.0,3.0
1745,5,3.0,1.0,3.0,2,5.0,3.0,1.0
1746,5,5.0,1.0,1.0,2,1.0,1.0,3.0
1747,5,6.0,1.0,3.0,2,4.0,2.0,4.0
1748,5,1.0,1.0,3.0,2,4.0,3.0,1.0
1749,5,4.0,2.0,3.0,2,5.0,3.0,1.0
1750,5,7.0,2.0,1.0,2,3.0,2.0,3.0
1751,5,7.0,1.0,1.0,1,1.0,2.0,3.0
1752,5,3.0,2.0,3.0,1,5.0,1.0,1.0
1753,5,4.0,2.0,1.0,2,4.0,1.0,2.0
1754,5,3.0,2.0,3.0,1,1.0,1.0,1.0
1755,5,6.0,1.0,3.0,2,4.0,2.0,4.0
1756,5,2.0,2.0,1.0,2,1.0,3.0,3.0
